<?xml version='1.0' encoding='UTF-8'?>  
<!DOCTYPE hibernate-configuration PUBLIC  
          "-//Hibernate/Hibernate Configuration DTD 3.0//EN"  
          "http://hibernate.sourceforge.net/hibernate-configuration-3.0.dtd">  
  
<hibernate-configuration>  
  
<session-factory>  
 <property name="show_sql">true</property>
<property name="hibernate.hbm2ddl.auto">update</property>
 <property name="hibernate.connection.autocommit">true</property>
 <property name="dialect">org.hibernate.dialect.MySQLDialect</property>  
 <property name="connection.url">jdbc:mysql://localhost:3306/testuser</property>  
 <property name="connection.username">michael</property>  
 <property name="connection.password">michael</property>  
 <property name="connection.driver_class">com.mysql.jdbc.Driver</property>  
      
 <mapping class="com.samuel.tutorial.hibernate.entity.Book"/> 
 <mapping class="com.samuel.tutorial.hibernate.entity.Author"/> 
  
 </session-factory>  
  
</hibernate-configuration>